student_id, last, first
1,Ju Hong,Kim
2,Justin,Tran
3,Marvin,Phung
4,Gerry,Hyunh
5,Ju Min,Kim
6,Anthony,Robert
7,ert,ty
8,er,wer
9,Harrell,Anastasia
10,Downs,Rylee
11,Hinton,Harriet
12,Graham,Laurel
13,Haynes,Samson
14,Nichols,Zoe
15,Kirk,Urielle
16,Terrell,Stewart
17,Edwards,Nola
18,Mcneil,Jonas
19,Barr,Abdul
20,Mccarty,Adam
21,Woodward,Henry
22,Pate,Noelle
23,Fitzpatrick,Kadeem
24,Puckett,Scarlett
25,Lawrence,Fatima
26,Rivera,Barry
27,Booker,Eugenia
28,Willis,Ross
29,Tyler,Marcia
30,Logan,Venus
31,Mercer,Ruth
32,Bright,Stewart
33,Ayers,Mara
34,Brewer,Lev
35,West,Pascale
36,Mosley,Upton
37,Lancaster,Tatiana
38,Vega,Rigel
39,Rodgers,Lee
40,Mitchell,Baker
41,Lang,Harrison
42,Salinas,Camden
43,Barlow,Sara
44,Montoya,Diana
45,Hobbs,Cody
46,Haley,Chanda
47,Randall,Jessamine
48,Morin,Christen
49,Cabrera,Ray
50,Hull,Lacey
51,Black,Blake
52,Raymond,Donna
53,Santos,Hayes
54,Schmidt,Benedict
55,Collins,Moses
56,Bradley,Orson
57,Griffin,Trevor
58,Avery,Eden
59,Floyd,Jena
60,Summers,Rigel
61,Mccullough,Kerry
62,Norman,Peter
63,Fischer,Cruz
64,Hewitt,Amos
65,White,Bell
66,Graves,Wang
67,Mcleod,Richard
68,Mullins,Lewis
69,Walter,Lucy
70,Holcomb,Warren
71,Rogers,Vaughan
72,Pratt,Rebecca
73,Lloyd,Calista
74,Webb,Ursa
75,Kelly,Plato
76,Conway,Bianca
77,Gilmore,Jonas
78,Burris,Alexis
79,Reilly,Oleg
80,Church,Fleur
81,King,Kennan
82,Blevins,Zelenia
83,Bray,Lydia
84,Ramsey,Madeson
85,Moon,Todd
86,Bryant,Benedict
87,Small,Diana
88,Kirkland,Byron
89,Green,Slade
90,Watkins,Lillith
91,Downs,Phelan
92,Delacruz,Casey
93,Sampson,Alvin
94,Sears,Keiko
95,Grimes,Leigh
96,Langley,Alisa
97,Howell,Oprah
98,Crane,Jesse
99,Woodard,Sybil
100,Dillon,Allistair
101,Forrest,Robinson
102,Lysandra,Hawkins
103,Lane,Lucas
104,Griffith,York
105,Andrew,Barry
106,Brett,Reid
107,Harlan,Chavez
108,Jacqueline,Bridges
109,Daquan,Ruiz
110,Akeem,Hamilton
111,Dana,Hewitt
112,Rama,Henry
113,Griffith,Jefferson
114,Regan,Horne
115,Alexa,Barr
116,Leonard,Gamble
117,Delilah,Conway
118,Geraldine,Chambers
119,Destiny,Whitaker
120,Iris,Callahan
121,Piper,Fowler
122,Gisela,Mclaughlin
123,Xavier,Hayden
124,Raja,Cooper
125,Avram,Hopper
126,Oliver,Robles
127,Denton,Edwards
128,Brynn,Yang
129,Simone,Watkins
130,Justine,Small
131,Angela,Noble
132,Zenaida,Herring
133,Lunea,Lane
134,Raymond,Cleveland
135,Robert,Gentry
136,Ciaran,Hodges
137,Paki,Salazar
138,Geraldine,Mcleod
139,Steel,Noel
140,Rebecca,Langley
141,George,Sweet
142,Eleanor,Keller
143,Barry,Roy
144,Helen,Huff
145,Hannah,Perry
146,Leroy,Parrish
147,Camille,Holmes
148,Robin,Holcomb
149,Rama,Ward
150,Molly,Walton
151,Janna,Sutton
152,Arden,Mason
153,Quincy,Kent
154,Adrian,Henson
155,Casey,Riggs
156,Lee,Graves
157,September,Holland
158,Martena,Erickson
159,Pandora,Duffy
160,Eric,Workman
161,Cherokee,Barr
162,Breanna,Lloyd
163,Octavius,Chase
164,Aphrodite,Holden
165,Oliver,Norris
166,Drake,Barry
167,Robin,Mcbride
168,Guy,Trevino
169,Derek,Farmer
170,Hollee,May
171,Kennan,Mcguire
172,Laith,Suarez
173,Sybill,Head
174,Amir,Morton
175,Brittany,Turner
176,Lareina,Roach
177,Avram,French
178,Larissa,Morin
179,Ivan,Guzman
180,Ariel,Noble
181,Lani,Rodriguez
182,Azalia,Holden
183,Tyler,Roth
184,Charde,Gay
185,Maxine,Rocha
186,Fuller,Shaw
187,Jeanette,Buckner
188,Hunter,Jones
189,Ginger,Alford
190,Dolan,Castillo
191,Castor,Bruce
192,Kerry,Henderson
193,Roanna,Farrell
194,Ulysses,Byers
195,Quemby,Fox
196,Kevin,Clayton
197,Ignatius,Love
198,Morgan,Chandler
199,Illiana,Barber
200,Maya,Richard
201,Cameran,Larsen
202,Karina,Vazquez
203,Hillary,Santana
204,Lillian,Olson
205,Phyllis,Holman
206,Keaton,Vang
207,Chase,Best
208,Fulton,Stephens
209,Perry,Mayer
210,Hamilton,Becker
211,Sean,Holt
212,Cameran,Harrell
213,Lucius,Jordan
214,Curran,Buck
215,Dawn,Hunter
216,Eleanor,Potts
217,Unity,Watson
218,Amos,Morse
219,Walker,Reilly
220,Amela,Bernard
221,Denton,Greene
222,Jaquelyn,Ruiz
223,Brenden,Christian
224,Tanner,Church
225,Serena,Hahn
226,Shellie,Ballard
227,Courtney,Pope
228,Cameron,Mathis
229,Shay,Finley
230,Chloe,Middleton
231,Wylie,Gilmore
232,Phoebe,Ewing
233,Hunter,Valencia
234,Maisie,Lyons
235,Marshall,Gibson
236,Sage,Donovan
237,Steel,Ball
238,Dominique,Riddle
239,Justina,Madden
240,Judith,Best
241,Kimberly,Parrish
242,Marcia,Pickett
243,Skyler,Duffy
244,Latifah,Pittman
245,Maryam,Lambert
246,Tyrone,Gallagher
247,Urielle,Thomas
248,Sybil,Donovan
249,Yetta,Rush
250,Yardley,Glass
251,Eagan,Weiss
252,TaShya,Stephens
253,Dillon,Fry
254,Blythe,Haynes
255,Adara,Robinson
256,Briar,Ballard
257,Tyler,Wall
258,Kennedy,Fitzgerald
259,Diana,Foster
260,Kenneth,Fuller
261,Latifah,Schultz
262,Kuame,Harrell
263,Fatima,Hull
264,Jane,Herman
265,Demetria,Peck
266,Darrel,Cash
267,Quinn,Ellison
268,Jacqueline,Moreno
269,Basil,Allen
270,Jermaine,Sawyer
271,Nicole,Alvarado
272,Tanek,Riddle
273,Knox,Hensley
274,Joelle,Schneider
275,Nigel,Bennett
276,Erasmus,Jacobs
277,Beck,Pratt
278,Kibo,Weaver
279,Leonard,Cummings
280,Lars,Dotson
281,Cassandra,Wilder
282,Leandra,Lara
283,Chiquita,Reese
284,Cleo,Boyer
285,Tasha,Mcclure
286,Felix,Foster
287,Ursa,Greene
288,Hu,Burch
289,Kathleen,Sosa
290,Hakeem,Conley
291,Amaya,Wong
292,Mohammad,Acevedo
293,Illana,Barrett
294,Ursula,Small
295,Shafira,Merrill
296,Philip,Cote
297,Sandra,Mason
298,Gil,Watkins
299,Phyllis,Osborn
300,Anjolie,Ryan
301,Ayanna,Rivera
302,Matthew,Gregory
303,Lance,Hester
304,Daquan,Brewer
305,Isaac,Fleming
306,Katelyn,Graves
307,Jenette,Bonner
308,Armand,Romero
309,Ruth,Riddle
310,Jameson,Snyder
311,Sandra,Cummings
312,Caesar,Hays
313,Kyra,Sanchez
314,Urielle,Ramos
315,Asher,Salas
316,Forrest,Estrada
317,Ursa,Underwood
318,Veda,Perez
319,Nora,Bean
320,Aaron,Hampton
321,Kai,Mcpherson
322,Shelly,Washington
323,Neve,Wolf
324,Robin,Fitzgerald
325,Gisela,Walters
326,Dexter,Kidd
327,Alan,Vazquez
328,Jordan,Petty
329,Colby,Berger
330,Gwendolyn,Rose
331,Gray,Vang
332,Barclay,Nelson
333,Yasir,Richmond
334,Marcia,Johns
335,Nell,Mendoza
336,Matthew,Whitley
337,Justin,Maxwell
338,Irene,Bryan
339,Yardley,Shepard
340,Rhiannon,Hart
341,Ocean,Howe
342,Peter,Blake
343,Jelani,Terrell
344,Tamara,Garner
345,Dai,Webster
346,Adrienne,Gonzalez
347,Kylie,Morrison
348,Bernard,Gray
349,Bell,Curry
350,Unity,Warner
351,Chelsea,Franco
352,Maile,Mcclure
353,Aurora,Levy
354,Aileen,Zimmerman
355,Kiayada,Hopkins
356,Harding,Durham
357,Madaline,Prince
358,Lucy,Gross
359,Xena,Fuller
360,Myra,Crosby
361,Kylan,Ayala
362,Jessamine,Davidson
363,Kyla,Gay
364,Adrian,Eaton
365,Colette,Steele
366,Breanna,Zimmerman
367,Leah,Rosales
368,Cassidy,Conley
369,Carol,Ochoa
370,Carla,Bright
371,Karen,Woodward
372,Lysandra,Santana
373,Raven,Reid
374,Alyssa,Mccall
375,Drew,Bowman
376,Lois,Ratliff
377,Charles,Maynard
378,Christopher,Hahn
379,Skyler,Tate
380,Raya,Bradshaw
381,Fay,Reynolds
382,Noel,Deleon
383,Zeph,Madden
384,Finn,Mcclain
385,Jorden,Rivera
386,Cole,Stout
387,Aretha,Meyer
388,Wyoming,Buck
389,Kelsie,Fry
390,Fitzgerald,Hughes
391,Regina,Santana
392,Keith,Ryan
393,Paki,Blankenship
394,Justina,Everett
395,Sharon,Mejia
396,William,Kirkland
397,Hunter,Castaneda
398,Sebastian,Bolton
399,Wanda,Britt
400,Iona,Barker
401,Cain,Hartman
402,Price,Willis
403,Riley,Barton
404,John,Beasley
405,Chadwick,Schroeder
406,Justine,Sellers
407,Ethan,Morgan
408,Austin,Baker
409,Cassandra,Walton
410,Sydnee,Hodge
411,Bernard,Workman
412,Charlotte,Guy
413,Zeus,Massey
414,Heidi,Merritt
415,Duncan,Gallegos
416,Athena,Hogan
417,Pandora,Morton
418,Devin,Hester
419,Cole,Smith
420,Grady,Oneil
421,Haviva,Fischer
422,Aurelia,Reynolds
423,Guinevere,Webb
424,Catherine,Joseph
425,Dustin,Miles
426,Elijah,Velazquez
427,Beatrice,Valdez
428,Tobias,Mcgowan
429,Dane,Benson
430,Michelle,Wood
431,Gretchen,Caldwell
432,Alika,Tate
433,Larissa,Gould
434,Justin,Villarreal
435,Pandora,Goodwin
436,Ignatius,Mckenzie
437,Flavia,Rodriguez
438,Alexis,Herring
439,Leandra,Levy
440,Ulysses,Chaney
441,Yardley,Butler
442,Merrill,Mcgee
443,Chaney,Peters
444,Kerry,Finley
445,Amela,Callahan
446,Chester,Morales
447,Merritt,Page
448,Tanisha,Lambert
449,Candace,Blackburn
450,Rhona,Goff
451,Sydney,Wooten
452,Stuart,Maldonado
453,Kevin,Perry
454,Laura,Stokes
455,Sigourney,Stout
456,Sydnee,Cantrell
457,Zephania,Santos
458,Urielle,Atkinson
459,Dillon,Watson
460,Murphy,Yang
461,Illana,Meyers
462,Finn,Cameron
463,Kaitlin,Holloway
464,Eden,English
465,Adrienne,Nunez
466,Kenyon,Dillard
467,Avram,Bentley
468,Imogene,Beard
469,Regina,Douglas
470,Hammett,Reid
471,Maxwell,Mcknight
472,April,Chambers
473,Judah,Lawrence
474,Indira,Gibson
475,Ramona,Jackson
476,Tanner,Stanley
477,Camille,Holloway
478,Mechelle,Hoffman
479,Hermione,Wooten
480,Maxine,Tate
481,Kaseem,Mills
482,Keane,Stevenson
483,Walter,Barr
484,Gay,Carter
485,Keiko,Day
486,Hop,Bryant
487,Phillip,Reese
488,Ramona,Simon
489,Willow,Woodward
490,Steven,Beach
491,Faith,Brock
492,Prescott,Daniel
493,Jamalia,Dejesus
494,Eliana,Rocha
495,Jelani,Barrett
496,Camden,Franco
497,Gannon,Romero
498,Jerome,Potter
499,Xerxes,Hudson
500,Porter,Mckenzie
501,Edward,Fernandez
502,Vera,Hudson
503,Roth,Harrison
504,Adria,Workman
505,Cameron,Perez
506,Whoopi,Allen
507,Deacon,Manning
508,Yeo,Todd
509,Hedley,Diaz
510,Armando,Holman
511,Alyssa,Henderson
512,Kendall,Howell
513,Kiayada,Noel
514,Latifah,Ratliff
515,Abbot,Huff
516,Violet,Wade
517,Amber,Levy
518,Merritt,Sparks
519,Vera,Patterson
520,Quail,Mcfarland
521,Olga,Osborn
522,Robin,Sherman
523,Iliana,Roach
524,Geraldine,Ratliff
525,Kato,Dominguez
526,Josephine,Norris
527,Nadine,Wilson
528,Susan,Rose
529,Hayley,Pearson
530,Cain,Levy
531,Haley,Delgado
532,Eagan,Randolph
533,Marvin,Dean
534,Ginger,Cotton
535,Alfonso,Warren
536,Amir,Battle
537,Jerome,Rojas
538,Lucy,Sharpe
539,Talon,Austin
540,Yetta,Lindsey
541,Raphael,Ortega
542,Paloma,Reeves
543,Gillian,Ewing
544,Sandra,Chandler
545,Tatyana,Browning
546,Virginia,Stanton
547,Kim,Ray
548,Aspen,Frazier
549,Thomas,Donovan
550,Barbara,Ferrell
551,Ann,Cummings
552,Raja,Palmer
553,Nina,Bauer
554,Hedda,Moses
555,Duncan,Berger
556,Cleo,Branch
557,Stacy,Kramer
558,Suki,Moon
559,Amir,Hahn
560,Ignatius,Page
561,Fritz,Mcgowan
562,Derek,Phillips
563,Debra,Soto
564,Chava,Pena
565,Otto,Morin
566,Perry,Freeman
567,Rana,Hatfield
568,Stephanie,Glenn
569,Knox,Clements
570,Emerson,Orr
571,Owen,Weaver
572,Edward,Gray
573,Jorden,Romero
574,Shoshana,Jackson
575,Rudyard,Stevens
576,Fletcher,Raymond
577,Plato,Joyner
578,Alyssa,Burke
579,Cain,Barrett
580,Sharon,Woodard
581,Amir,Kim
582,Sheila,Carson
583,Lysandra,Pugh
584,Constance,Bright
585,Simon,Bowman
586,Basia,Bailey
587,Yeo,Mullen
588,Fuller,Walters
589,Zoe,Bass
590,Nigel,Whitley
591,Lilah,Heath
592,Freya,Goodman
593,Herrod,Bell
594,Brielle,Rosales
595,Dylan,Rutledge
596,Dacey,Kennedy
597,Blake,David
598,Sonya,Hess
599,Aileen,Henry
600,Kaye,Boyle
601,Caryn,Fox
602,Leila,Jacobson
603,Heather,Avila
604,Simon,Britt
605,Adara,Mcfadden
606,Lillith,Ellis
607,Fritz,Whitley
608,Dawn,Fernandez
609,Shelby,Buck
610,Adam,Hays
611,Alvin,Jarvis
612,Neville,Russell
613,Ebony,Santana
614,Moses,Mccormick
615,Miriam,Grant
616,Constance,Kirkland
617,Eleanor,Salas
618,Chadwick,Cook
619,Gavin,Vaughan
620,Tyrone,Carrillo
621,Kellie,Hudson
622,Madeson,Griffith
623,Fay,Simon
624,Merritt,Ferrell
625,Karyn,Welch
626,Martena,Dean
627,Erasmus,Patton
628,Lesley,Mccall
629,Dominique,Velasquez
630,Lionel,Rivers
631,Cedric,Bolton
632,Latifah,Beach
633,Lev,Callahan
634,Alexander,Hawkins
635,Ezekiel,Hensley
636,Marcia,Vance
637,Vivien,Love
638,Chester,Blackwell
639,Austin,Johnston
640,Summer,Byers
641,Ursula,Montgomery
642,Magee,Slater
643,Chaim,Hobbs
644,Hammett,Camacho
645,Kessie,Peterson
646,Slade,Osborn
647,Aimee,Rivers
648,Chadwick,Brennan
649,Liberty,Kirby
650,Briar,Snow
651,Hasad,Conway
652,Howard,Quinn
653,Nicole,Gonzalez
654,Geraldine,Conley
655,Boris,Collier
656,Cody,Wood
657,Harding,Kennedy
658,Clementine,Ferrell
659,Robert,Gill
660,Alexa,Martin
661,Maggie,Mccormick
662,Mara,Mccullough
663,Nayda,Hill
664,Kasper,Harris
665,Anthony,Rivers
666,Caldwell,Brady
667,Ignacia,Chambers
668,Beatrice,Mcintyre
669,Germaine,Weber
670,Shaeleigh,Miles
671,Eve,Moore
672,Conan,Jefferson
673,Mary,Mcneil
674,Alvin,Gutierrez
675,Lee,Garrison
676,Patrick,Mcguire
677,McKenzie,Cain
678,Fallon,Townsend
679,Pandora,Clayton
680,Jerry,Moran
681,Morgan,Simmons
682,William,Lawson
683,April,Blackburn
684,Virginia,Parrish
685,Emerald,Dorsey
686,Gregory,Herman
687,Derek,Oliver
688,Derek,Knapp
689,Ezekiel,Stevens
690,Margaret,Haley
691,Carter,Alvarado
692,Bryar,Shelton
693,Len,Vaughn
694,Hedwig,Parrish
695,Joel,Taylor
696,Tate,Johnson
697,Gloria,Frost
698,Nichole,Waters
699,Octavius,Chavez
700,Barclay,Alexander
701,Hoyt,Olsen
702,Aretha,Christian
703,Yvonne,Davidson
704,Wade,Meyers
705,Wallace,Walters
706,Salvador,Griffith
707,Ali,Salazar
708,Sigourney,Delgado
709,Violet,Wagner
710,Lysandra,Fulton
711,Barbara,Travis
712,Uma,Ayers
713,Rina,Branch
714,Risa,Brewer
715,Roth,Daniels
716,Quin,Curtis
717,Roanna,Hardy
718,Deborah,Fulton
719,Kiayada,Tucker
720,Roth,Dale
721,Sacha,Jackson
722,Amethyst,Moran
723,Eliana,Gonzalez
724,Simone,Berry
725,Vivien,Mcintosh
726,Chava,Stafford
727,Francesca,Edwards
728,Elizabeth,West
729,Sopoline,Hensley
730,Thaddeus,Bowman
731,Summer,Sexton
732,Alma,Wheeler
733,Kimberly,Miles
734,Sasha,Lee
735,Blake,Parks
736,Basil,Graves
737,Nasim,Nash
738,Timon,Hayes
739,Elton,Cote
740,Xander,Mooney
741,Nichole,Frederick
742,Victor,Adams
743,Allegra,Landry
744,Katell,Cabrera
745,Selma,Hutchinson
746,Wang,Ramsey
747,Violet,Dudley
748,Vera,Mason
749,Zenia,Welch
750,Xenos,Adams
751,Yolanda,Salas
752,Clinton,Conner
753,Reese,Short
754,Oliver,York
755,Bo,Albert
756,Amos,Morgan
757,Mia,Short
758,Amela,Oneil
759,Florence,Guthrie
760,Ebony,Gross
761,Joshua,Savage
762,Abbot,Farmer
763,Lacota,Kidd
764,Montana,Wallace
765,Kevin,Landry
766,Debra,Whitehead
767,Wing,Cameron
768,Violet,Matthews
769,Vera,Bush
770,Aiko,Freeman
771,Rosalyn,Vega
772,Igor,Gentry
773,Zachary,Willis
774,Declan,Houston
775,Anika,Wilcox
776,Louis,Tyson
777,Kaseem,Whitaker
778,Jameson,Collins
779,Keely,Fields
780,Raya,Christensen
781,Jaden,Peterson
782,Alexa,Hutchinson
783,Elvis,Johnson
784,Laith,Kennedy
785,Hedy,Levine
786,Colleen,Barker
787,Brenda,Bolton
788,Ryan,Calhoun
789,Laurel,Love
790,Nigel,Huff
791,Alana,Wooten
792,Thomas,Golden
793,Fleur,Raymond
794,Dora,Munoz
795,Camille,Richards
796,Hannah,Gaines
797,Sharon,Mayo
798,Iris,Frazier
799,Paula,Wolfe
800,Iliana,Randolph
801,Elijah,Silva
802,Bruce,Burris
803,Willa,Phillips
804,Rose,Duran
805,Duncan,Gilmore
806,Cathleen,Prince
807,Bradley,Mcpherson
808,Melinda,Kelley
809,Ifeoma,Acosta
810,Maite,Mccray
811,Jessamine,Gallagher
812,Ifeoma,Ashley
813,Amos,Mcdowell
814,Portia,Whitfield
815,Raphael,Singleton
816,Zeph,Salinas
817,Dominic,Wong
818,Shana,Carr
819,Linus,Marquez
820,Gray,Cooper
821,Whoopi,Sharpe
822,Shannon,Payne
823,Veronica,Henson
824,Liberty,Guzman
825,Abbot,Lyons
826,Hayfa,Bean
827,Idona,House
828,Indigo,Ward
829,Martin,Phelps
830,Nola,Mack
831,Jade,Reeves
832,Kibo,Day
833,Quinn,Barry
834,Levi,Bryan
835,Angela,Woodward
836,Blythe,Burks
837,Bree,Barron
838,Geraldine,English
839,Athena,Boyle
840,Nissim,Velasquez
841,Danielle,Rogers
842,Deirdre,Vasquez
843,Nelle,Curry
844,Alfonso,Blake
845,Naomi,Wright
846,Forrest,English
847,Maggy,Noel
848,Shellie,Chandler
849,Octavia,Manning
850,Rogan,Cobb
851,Kato,Ramos
852,Nelle,Marshall
853,Clayton,Delaney
854,Wallace,Franco
855,Aretha,Potter
856,Morgan,Beck
857,Xavier,Cochran
858,Petra,Myers
859,Alexander,Rhodes
860,Arsenio,Wyatt
861,Moana,Johnston
862,Isaiah,Carroll
863,Amal,Chambers
864,Ray,Singleton
865,Vera,Merritt
866,Chandler,Johns
867,Adara,Houston
868,Damon,Adams
869,Velma,Christensen
870,Emma,Cantrell
871,Arthur,English
872,Lydia,Duke
873,Victoria,Olsen
874,Neil,Keller
875,MacKenzie,Roy
876,Juliet,Munoz
877,Rhonda,Whitfield
878,Basil,Salazar
879,Allistair,Delgado
880,Holly,Velasquez
881,Daquan,Castaneda
882,Debra,Hendrix
883,Debra,Ewing
884,Elizabeth,Morin
885,Mary,Scott
886,Carissa,Howe
887,Hamish,Torres
888,Blair,Johns
889,Briar,Stewart
890,Vaughan,York
891,Garrett,Cabrera
892,Ulysses,Hampton
893,Venus,Morgan
894,Lucas,Walker
895,Kellie,Robinson
896,Jessamine,Mcintosh
897,Rana,Snow
898,Phillip,Palmer
899,Latifah,Bailey
900,Jorden,Benton
901,Mara,Hodge
902,Willa,Higgins
903,Lareina,Nash
904,Kermit,Powers
905,Glenna,Ingram
906,Isabelle,Mason
907,Vivien,Potter
908,Angela,Mcguire
909,Azalia,Navarro
910,Teagan,Bentley
911,Baxter,Boyer
912,Lee,Carpenter
913,Linda,Medina
914,Orli,Mcdaniel
915,Xavier,Whitney
916,Yen,Keller
917,Eliana,Castaneda
918,Zachary,Bender
919,Nathan,Barker
920,Martin,Yates
921,Holly,Steele
922,Isabelle,Sampson
923,Price,Shaw
924,Halee,Sullivan
925,Xaviera,Foster
926,Philip,Spears
927,Oleg,Stanton
928,Rajah,Mcintosh
929,Kathleen,Parks
930,Hilel,Lloyd
931,Brenna,Rodriquez
932,Ella,Rhodes
933,Hilary,Cote
934,Cairo,Hobbs
935,Sage,Joseph
936,Timothy,King
937,Bruno,Walsh
938,Jaime,Martin
939,Jasmine,Pearson
940,September,Mercer
941,Keefe,Howe
942,Nerea,Irwin
943,August,Frye
944,Sawyer,Blackwell
945,Jenna,Steele
946,Lance,Mathis
947,Alana,Harris
948,Maggie,Ware
949,Quinn,Berger
950,Grant,Crane
951,Yoshio,Camacho
952,Lenore,Hobbs
953,Axel,Brewer
954,Audrey,Duke
955,Ignacia,Singleton
956,Quyn,Figueroa
957,Iliana,Cortez
958,Libby,Hogan
959,Lars,Holman
960,Bo,Ward
961,Whilemina,Wagner
962,Aiko,Wilcox
963,Lynn,Walker
964,Salvador,Macdonald
965,Kirby,Villarreal
966,Claudia,Martin
967,Alec,Conway
968,Maxine,West
969,Maryam,Collins
970,Kasper,Lamb
971,Allen,Tanner
972,Candice,Oneil
973,Violet,Burnett
974,Desiree,Wong
975,Tashya,Douglas
976,Ryder,Farmer
977,Deirdre,Abbott
978,Chloe,Barton
979,Blake,Wheeler
980,Chantale,Hughes
981,Branden,Sims
982,Yardley,Dyer
983,Rudyard,Beck
984,Dane,Jimenez
985,Ulric,Kline
986,Harper,Vang
987,Dolan,Wolfe
988,Gregory,Parker
989,Jamal,Henson
990,Rhona,Fitzgerald
991,Cleo,Roach
992,Mannix,Yates
993,Claire,Molina
994,Hiroko,Johns
995,Ethan,Rice
996,Cain,Fuentes
997,Castor,Stout
998,Hermione,Trujillo
999,Hope,Russo
1000,Lisandra,Jefferson
1001,Ali,Roach
1002,Brennan,Wilkinson
1003,Bell,Matthews
1004,Jermaine,Huff
1005,Vincent,Barker
1006,Tyrone,William
1007,Aidan,Hatfield
1008,Branden,Preston
1009,Davis,Rogers
1010,Lucian,Massey
1011,Xanthus,Mayo
1012,Conan,Tran
1013,Hiroko,Noble
1014,Serina,Ruiz
1015,Prescott,Williams
1016,Savannah,Perry
1017,Bruce,Mason
1018,Ross,Osborn
1019,Catherine,Farrell
1020,Shay,Simon
1021,Calvin,Bentley
1022,Stella,Merritt
1023,Marshall,Morrow
1024,Kevin,Mckenzie
1025,Kennan,Clarke
1026,Doris,Abbott
1027,Orson,Bolton
1028,Mariam,Sampson
1029,Flavia,Potter
1030,Fiona,Charles
1031,Duncan,Huffman
1032,Castor,Hull
1033,Hedley,Coleman
1034,Xandra,Morgan
1035,Pandora,Hammond
1036,Jacqueline,Rosa
1037,Amelia,Walton
1038,Xerxes,Talley
1039,Malik,Hutchinson
1040,Jared,Cooper
1041,Shelby,Maxwell
1042,Cameron,Pope
1043,Griffin,Larsen
1044,Jesse,Gallegos
1045,Aquila,Morrow
1046,Solomon,Zamora
1047,Kadeem,Mcdonald
1048,Ciaran,Roach
1049,Oprah,Woodward
1050,Meredith,Olsen
1051,Hadley,Macdonald
1052,Carolyn,Anthony
1053,Ivana,Perry
1054,Zane,Stuart
1055,Simon,Hahn
1056,Montana,English
1057,Mercedes,Merritt
1058,Iliana,Ross
1059,Thane,William
1060,Whilemina,Pena
1061,Tanya,Ruiz
1062,Ramona,Mosley
1063,Melodie,Levy
1064,Laith,Howell
1065,MacKenzie,Wynn
1066,Audra,Jordan
1067,Hanae,Kim
1068,Nasim,Salinas
1069,Jenna,Bailey
1070,Tallulah,Booker
1071,Leroy,Patel
1072,Porter,Stokes
1073,Lev,Goodman
1074,Zoe,Maxwell
1075,Briar,Thornton
1076,Noelle,Saunders
1077,Bruce,Ratliff
1078,Kerry,Bridges
1079,Yoko,Mccormick
1080,Jenna,Wheeler
1081,Kieran,Glover
1082,Fletcher,Hopkins
1083,Shaine,Howe
1084,Abraham,Burris
1085,McKenzie,Holman
1086,Caleb,Vance
1087,Hayley,Gutierrez
1088,Fuller,Perkins
1089,Carter,Medina
1090,Oleg,Mcclure
1091,Jamalia,Fisher
1092,Avram,Parks
1093,Jamal,Wynn
1094,Barbara,Bond
1095,Cameron,Justice
1096,Nolan,Lara
1097,Kiara,George
1098,Gary,Sosa
1099,Chava,Finch
1100,Roth,Flynn
1101,Fritz,Aguirre
1102,Helen,Stewart
1103,Raphael,Mclaughlin
1104,Claire,Anderson
1105,Yolanda,Walton
1106,Garth,Butler
1107,Fitzgerald,Rivers
1108,Ciara,Ellison
1109,Cameran,Knight
1110,Cameran,Knight
1111,Lareina,Moran
1112,Lareina,Moran
1113,Alan,Gonzales
1114,Alan,Gonzales
1115,Brent,Irwin
1116,Brent,Irwin
1117,Patricia,Sosa
1118,Patricia,Sosa
1119,Drew,Kidd
1120,Drew,Kidd
1121,Holmes,Green
1122,Holmes,Green
1123,Caleb,Dominguez
1124,Caleb,Dominguez
1125,Lance,Aguirre
1126,Lance,Aguirre
1127,Geoffrey,Norris
1128,Geoffrey,Norris
1129,Rae,Sims
1130,Rae,Sims
1131,Charde,Alexander
1132,Charde,Alexander
1133,Teagan,Ingram
1134,Teagan,Ingram
1135,Raya,Vasquez
1136,Raya,Vasquez
1137,Doris,Beard
1138,Doris,Beard
1139,Sophia,Hardy
1140,Sophia,Hardy
1141,Yoshio,Watts
1142,Yoshio,Watts
1143,Pascale,Campos
1144,Pascale,Campos
1145,Shelby,Bowen
1146,Shelby,Bowen
1147,Pamela,Davis
1148,Pamela,Davis
1149,Cole,Langley
1150,Cole,Langley
1151,Arden,Velasquez
1152,Arden,Velasquez
1153,Evelyn,Perez
1154,Evelyn,Perez
1155,Neve,Cleveland
1156,Neve,Cleveland
1157,Cynthia,Burke
1158,Cynthia,Burke
1159,Hyatt,Mejia
1160,Hyatt,Mejia
1161,Victor,Sloan
1162,Victor,Sloan
1163,Hilary,Lott
1164,Hilary,Lott
1165,Maia,Massey
1166,Maia,Massey
1167,Joan,Porter
1168,Joan,Porter
1169,Germaine,Collier
1170,Germaine,Collier
1171,Lunea,Vega
1172,Lunea,Vega
1173,Coby,Pittman
1174,Coby,Pittman
1175,Kay,Christian
1176,Kay,Christian
1177,Jermaine,Russo
1178,Jermaine,Russo
1179,Ainsley,Reeves
1180,Ainsley,Reeves
1181,Sarah,Medina
1182,Sarah,Medina
1183,Allen,Reeves
1184,Allen,Reeves
1185,Troy,Garcia
1186,Troy,Garcia
1187,Faith,Oneal
1188,Faith,Oneal
1189,Quinn,Howell
1190,Quinn,Howell
1191,Phillip,Nieves
1192,Phillip,Nieves
1193,Basia,Chambers
1194,Basia,Chambers
1195,Jorden,Beasley
1196,Jorden,Beasley
1197,Timon,Patton
1198,Timon,Patton
1199,Carol,Barr
1200,Carol,Barr
1201,Amanda,Watts
1202,Amanda,Watts
1203,Rylee,Trevino
1204,Rylee,Trevino
1205,Adam,Callahan
1206,Adam,Callahan
1207,Jarrod,Vang
1208,Jarrod,Vang
1209,Alika,Hinton
1210,Alika,Hinton
1211,Victor,Mcdonald
1212,Victor,Mcdonald
1213,Rigel,Higgins
1214,Rigel,Higgins
1215,Ryan,Lowery
1216,Ryan,Lowery
1217,Mannix,Wilkerson
1218,Mannix,Wilkerson
1219,Erasmus,Hardy
1220,Erasmus,Hardy
1221,Louis,Burt
1222,Louis,Burt
1223,Melinda,Good
1224,Melinda,Good
1225,Richard,Hammond
1226,Richard,Hammond
1227,Clinton,Rhodes
1228,Clinton,Rhodes
1229,Constance,Holland
1230,Constance,Holland
1231,Kristen,Frederick
1232,Kristen,Frederick
1233,Tana,Rivera
1234,Tana,Rivera
1235,Colette,Mcfadden
1236,Colette,Mcfadden
1237,Nigel,Dean
1238,Nigel,Dean
1239,Aidan,Butler
1240,Aidan,Butler
1241,Timon,Camacho
1242,Timon,Camacho
1243,Lionel,Copeland
1244,Lionel,Copeland
1245,Lee,Walton
1246,Lee,Walton
1247,Mia,Welch
1248,Mia,Welch
1249,Cathleen,Howe
1250,Cathleen,Howe
1251,Barbara,Reilly
1252,Barbara,Reilly
1253,Aaron,Curtis
1254,Aaron,Curtis
1255,Colt,Bennett
1256,Colt,Bennett
1257,Alexandra,Galloway
1258,Alexandra,Galloway
1259,Sophia,Vance
1260,Sophia,Vance
1261,Elizabeth,Woodward
1262,Elizabeth,Woodward
1263,Judah,Thomas
1264,Judah,Thomas
1265,Dieter,Fitzpatrick
1266,Dieter,Fitzpatrick
1267,Colleen,Albert
1268,Colleen,Albert
1269,Rina,Avery
1270,Rina,Avery
1271,Wanda,Lyons
1272,Wanda,Lyons
1273,Quentin,Joyner
1274,Quentin,Joyner
1275,Cole,Morton
1276,Cole,Morton
1277,Tashya,Guthrie
1278,Tashya,Guthrie
1279,Maisie,Patel
1280,Maisie,Patel
1281,Madonna,Shields
1282,Madonna,Shields
